<?xml version="1.0" encoding="UTF-8"?>
<!DOCTYPE mapper PUBLIC "-//mybatis.org//DTD Mapper 3.0//EN" "http://mybatis.org/dtd/mybatis-3-mapper.dtd">
<mapper namespace="com.stylefeng.guns.common.persistence.dao.DeptMapper">

	<!-- 通用查询映射结果 -->
	<resultMap id="BaseResultMap" type="com.stylefeng.guns.common.persistence.model.Dept">
		<id column="id" property="id" />
		<result column="num" property="num" />
		<result column="pid" property="pid" />
		<result column="pids" property="pids" />
		<result column="simplename" property="simplename" />
		<result column="fullname" property="fullname" />
		<result column="tips" property="tips" />
		<result column="version" property="version" />
	</resultMap>

    <select id="tree" resultType="com.stylefeng.guns.common.node.ZTreeNode">
        select id,pid as pId,simplename as name,
        (
        CASE
        WHEN (pId = 0 OR pId IS NULL) THEN
        'true'
        ELSE
        'false'
        END
        ) as isOpen from dept
    </select>

    <select id="list" resultType="map">
        select * from dept
        <if test="condition != null and condition != ''">
            where simplename like CONCAT('%',#{condition},'%') or fullname like CONCAT('%',#{condition},'%')
        </if>
        order by num ASC
    </select>

</mapper>
