<?xml version="1.0" encoding="UTF-8"?>
<!DOCTYPE mapper PUBLIC "-//mybatis.org//DTD Mapper 3.0//EN" "http://mybatis.org/dtd/mybatis-3-mapper.dtd">
<mapper namespace="com.stylefeng.guns.common.persistence.dao.NoticeMapper">

	<!-- 通用查询映射结果 -->
	<resultMap id="BaseResultMap" type="com.stylefeng.guns.common.persistence.model.Notice">
		<id column="id" property="id" />
		<result column="title" property="title" />
		<result column="type" property="type" />
		<result column="content" property="content" />
		<result column="createtime" property="createtime" />
		<result column="creater" property="creater" />
	</resultMap>

    <select id="list" resultType="map">
        select * from notice
        <if test="condition != null and condition != ''">
            where title like CONCAT('%',#{condition},'%') or content like CONCAT('%',#{condition},'%')
        </if>
        order by createtime DESC
    </select>

</mapper>
