<?xml version="1.0" encoding="UTF-8"?>
<!DOCTYPE mapper PUBLIC "-//mybatis.org//DTD Mapper 3.0//EN" "http://mybatis.org/dtd/mybatis-3-mapper.dtd">
<mapper namespace="com.stylefeng.guns.common.persistence.dao.OperationLogMapper">

	<!-- 通用查询映射结果 -->
	<resultMap id="BaseResultMap" type="com.stylefeng.guns.common.persistence.model.OperationLog">
		<id column="id" property="id" />
		<result column="logtype" property="logtype" />
		<result column="logname" property="logname" />
		<result column="userid" property="userid" />
		<result column="classname" property="classname" />
		<result column="method" property="method" />
		<result column="createtime" property="createtime" />
		<result column="succeed" property="succeed" />
		<result column="message" property="message" />
	</resultMap>

</mapper>
